crop_name,region,season,rainfall,soil_type,market_demand,price,date
Tomato,Northeast India,Zaid,847.7663558558681,Alluvial,High,2093.74,Jan 2023
Cotton,North India,Kharif,512.8970697358061,Red,Medium,6527.2,Apr 2023
Sugarcane,North India,Zaid,1106.3713868405634,Clayey,Low,326.52,Apr 2023
Tomato,North India,Kharif,493.7262790143392,Sandy,Medium,1693.03,Feb 2023
Maize,Central India,Rabi,1126.226355061818,Red,Medium,1709.89,May 2023
Onion,West India,Kharif,1864.5052080729931,Clayey,Low,1056.52,Jan 2023
Sugarcane,Central India,Zaid,1185.3058411181617,Black,High,416.62,Apr 2023
Sugarcane,West India,Zaid,1348.0495357216419,Red,Medium,333.71,Jan 2023
Tomato,Central India,Zaid,566.2853428554741,Red,Medium,1953.7,Apr 2023
Wheat,Central India,Rabi,374.3505639959481,Loamy,High,3134.19,May 2023
Maize,Northeast India,Rabi,488.373535705672,Black,High,2272.61,Jun 2023
Tomato,East India,Zaid,1317.5036786634216,Sandy,Low,1093.71,Apr 2023
Maize,Central India,Kharif,461.51988828691793,Alluvial,High,2208.36,Jun 2023
Maize,Northeast India,Rabi,939.1879129002294,Clayey,High,1903.97,Apr 2023
Onion,South India,Zaid,1235.1562987788652,Loamy,High,2224.13,Mar 2023
Sugarcane,East India,Zaid,960.7097576707399,Clayey,Low,324.1,May 2023
Cotton,Central India,Rabi,578.2624624910125,Sandy,High,8221.35,Feb 2023
Onion,North India,Rabi,765.4452227739811,Sandy,High,2569.29,Jun 2023
Onion,South India,Rabi,1878.139805842581,Red,Low,1299.8,Feb 2023
Maize,South India,Kharif,1449.1698684968042,Sandy,High,1550.89,May 2023
Potato,Northeast India,Kharif,1143.2813257558073,Clayey,High,1362.65,Feb 2023
Sugarcane,South India,Zaid,321.615312977719,Black,Low,378.41,May 2023
Wheat,East India,Rabi,1987.1061808320994,Black,Medium,1574.71,Feb 2023
Onion,Central India,Kharif,1441.4733893208936,Red,Low,1056.01,Jun 2023
Cotton,Central India,Rabi,838.7682114864064,Alluvial,High,6987.77,Mar 2023
Potato,North India,Zaid,1794.756721996325,Clayey,High,1252.76,Feb 2023
Potato,Northeast India,Kharif,739.3337544960907,Clayey,High,1521.69,Jun 2023
Wheat,North India,Kharif,1224.8281846106777,Sandy,Low,1504.5,Apr 2023
Onion,South India,Kharif,1381.3202983407027,Clayey,High,1682.36,May 2023
Cotton,North India,Zaid,675.8077314713383,Loamy,High,7442.09,Jan 2023
Sugarcane,East India,Rabi,1963.275373961013,Alluvial,Low,257.0,Jan 2023
Rice,Central India,Kharif,1571.926240164296,Sandy,Medium,1275.51,May 2023
Cotton,South India,Zaid,1248.282483368819,Loamy,Medium,5525.43,Mar 2023
Wheat,North India,Rabi,607.0108168980115,Red,High,2898.88,Feb 2023
Potato,Northeast India,Zaid,391.55895189664443,Black,Low,1277.69,Mar 2023
Sugarcane,East India,Rabi,844.1017152856718,Red,High,425.51,Jan 2023
Cotton,East India,Zaid,1580.4184710527848,Black,Low,3557.75,Jun 2023
Rice,North India,Rabi,757.8632071134426,Red,Low,1505.11,May 2023
Rice,Central India,Kharif,1217.2455748423586,Clayey,Medium,1613.32,May 2023
Maize,North India,Rabi,1537.5102004422633,Loamy,Medium,1391.22,Mar 2023
Maize,South India,Zaid,483.5043148989894,Black,Low,1562.52,Jun 2023
Tomato,North India,Zaid,1465.0066273969846,Sandy,High,1719.2,Mar 2023
Wheat,East India,Rabi,456.180509107076,Loamy,Medium,2639.47,Feb 2023
Onion,North India,Kharif,1940.7205616158942,Sandy,High,1491.09,Apr 2023
Cotton,Central India,Kharif,1130.2700211103975,Loamy,Medium,4996.24,Jun 2023
Cotton,Northeast India,Rabi,556.1493831067916,Loamy,Medium,6880.42,Apr 2023
Onion,West India,Rabi,882.052181257029,Red,High,2240.4,Feb 2023
Tomato,North India,Zaid,1002.8079638019444,Black,Medium,1585.08,Apr 2023
Potato,Central India,Kharif,1588.9145188301136,Black,Medium,937.04,Jan 2023
Potato,Central India,Rabi,1563.820436330236,Loamy,High,1325.55,Apr 2023
Tomato,Northeast India,Kharif,1340.2988590734628,Clayey,Medium,1341.67,Feb 2023
Potato,East India,Rabi,480.082211349438,Clayey,Medium,1502.94,Apr 2023
Maize,Central India,Rabi,557.6679316990451,Sandy,Medium,2016.47,May 2023
Cotton,Central India,Kharif,459.3867650974463,Sandy,High,7199.82,Mar 2023
Tomato,Central India,Rabi,1281.1937315888351,Red,Low,1174.09,Jan 2023
Cotton,Central India,Rabi,1791.1353505693867,Loamy,High,5506.5,May 2023
Onion,South India,Zaid,1037.460870833112,Sandy,Low,1467.22,May 2023
Rice,South India,Rabi,573.4418957281686,Sandy,Medium,2245.83,Feb 2023
Maize,East India,Rabi,1248.6719527532439,Alluvial,Low,1246.51,Mar 2023
Sugarcane,North India,Rabi,1679.9787686717068,Loamy,High,342.82,Mar 2023
Maize,Central India,Zaid,1560.910504571981,Red,High,1858.38,Jun 2023
Tomato,Northeast India,Kharif,1798.4663254475363,Sandy,Medium,1030.77,Jan 2023
Sugarcane,North India,Zaid,772.4335653230753,Red,Low,319.15,Feb 2023
Rice,Northeast India,Zaid,629.7215743552173,Black,Medium,2027.25,Jan 2023
Tomato,North India,Kharif,1795.688026101296,Red,Medium,1200.77,Jun 2023
Wheat,East India,Zaid,1417.8525317226392,Clayey,High,2364.14,Apr 2023
Cotton,Central India,Kharif,828.5791810128421,Clayey,Low,4269.8,May 2023
Rice,Central India,Zaid,1561.9916859732657,Red,Low,1332.49,Jan 2023
Cotton,West India,Kharif,1685.7012536166253,Clayey,Low,3274.4,May 2023
Potato,Northeast India,Rabi,1345.463008579925,Black,Low,937.64,Feb 2023
Wheat,North India,Zaid,1469.4029867958557,Loamy,Medium,1838.77,Apr 2023
Wheat,North India,Zaid,937.9418375525328,Clayey,Medium,2206.11,Feb 2023
Rice,South India,Zaid,1215.7826344831665,Clayey,High,2396.82,Apr 2023
Wheat,West India,Zaid,1191.0705902344757,Red,Medium,1957.25,Apr 2023
Sugarcane,South India,Rabi,1741.6812449223123,Black,Medium,271.68,May 2023
Wheat,South India,Zaid,1727.9387664797102,Loamy,High,2147.71,Feb 2023
Cotton,South India,Rabi,1715.5567978899735,Red,High,6064.38,Feb 2023
Cotton,Northeast India,Rabi,318.75374424619184,Red,High,8112.82,Jan 2023
Tomato,Northeast India,Rabi,1574.22732359711,Alluvial,Medium,1161.98,Feb 2023
Cotton,East India,Rabi,1589.7498631887083,Black,Medium,4490.62,Jan 2023
Tomato,East India,Kharif,1453.2439988537412,Loamy,High,1453.37,Mar 2023
Cotton,South India,Kharif,1585.6499184154693,Black,High,4704.8,Mar 2023
Sugarcane,West India,Zaid,1731.349631544405,Loamy,High,381.29,Mar 2023
Onion,North India,Kharif,1099.5423919730356,Black,Medium,1817.84,Jun 2023
Tomato,Northeast India,Kharif,1153.4853629303602,Red,Medium,1339.04,Feb 2023
Maize,West India,Zaid,512.0138967493638,Red,Low,1589.47,Jun 2023
Potato,Central India,Zaid,955.139001180515,Sandy,Medium,1313.13,Feb 2023
Rice,Northeast India,Zaid,1393.7208058500335,Clayey,Medium,1587.74,Jan 2023
Cotton,Northeast India,Kharif,1626.6796194503668,Alluvial,Medium,4500.42,Jun 2023
Wheat,East India,Kharif,669.2554660750579,Black,High,2488.24,Jun 2023
Onion,North India,Zaid,534.2989285707001,Alluvial,Medium,2235.79,Jun 2023
Cotton,North India,Rabi,1427.1714076508367,Sandy,High,6133.05,Apr 2023
Wheat,Central India,Zaid,303.1958019923481,Clayey,Low,2087.51,Jan 2023
Potato,Central India,Rabi,603.2333933224606,Black,Low,1175.15,Mar 2023
Potato,Northeast India,Rabi,349.42134658472133,Loamy,High,1655.26,Jan 2023
Potato,South India,Zaid,583.7047003532805,Clayey,High,1916.98,Apr 2023
Wheat,East India,Zaid,608.2427758733588,Red,High,3247.7,Feb 2023
Cotton,East India,Zaid,959.0451110756701,Sandy,Medium,6315.06,Jan 2023
Potato,Northeast India,Kharif,983.9561119671451,Clayey,Low,1000.23,Jun 2023
Sugarcane,West India,Rabi,1786.2462000374042,Clayey,High,328.21,Mar 2023
Tomato,South India,Kharif,1167.1865112480027,Red,Medium,1339.51,Mar 2023
Wheat,Northeast India,Kharif,1529.7881015408866,Black,Low,1277.06,Feb 2023
Wheat,South India,Zaid,477.03350846448865,Loamy,Medium,2625.74,Jan 2023
Cotton,South India,Kharif,683.2458842882795,Red,Low,4530.27,Apr 2023
Wheat,South India,Zaid,1495.0038496637505,Loamy,Medium,1777.51,Feb 2023
Wheat,Northeast India,Rabi,389.76673279649776,Black,Low,1865.54,Jan 2023
Potato,East India,Zaid,1127.2160258143804,Clayey,Low,989.33,May 2023
Cotton,East India,Kharif,1318.9272416269876,Loamy,Medium,4354.49,Mar 2023
Potato,South India,Kharif,1323.6475948892178,Sandy,High,1277.62,Apr 2023
Tomato,West India,Zaid,338.9857791556715,Sandy,Low,1491.76,Jun 2023
Onion,North India,Zaid,847.5836071896153,Red,High,2276.29,Apr 2023
Tomato,Northeast India,Kharif,1382.0341067835618,Black,Medium,1256.56,Jun 2023
Onion,North India,Rabi,553.2995514537139,Red,High,2655.33,Apr 2023
Potato,West India,Rabi,1482.2066021576904,Red,High,1363.36,Mar 2023
Tomato,Northeast India,Zaid,1568.0728549832468,Alluvial,High,1629.78,Jun 2023
Cotton,South India,Rabi,1969.347623758447,Red,High,5372.67,Jan 2023
Rice,East India,Kharif,656.731391255896,Alluvial,High,2425.38,Jun 2023
Potato,North India,Zaid,1702.722135032396,Sandy,Low,851.61,Feb 2023
Onion,Central India,Kharif,1184.5041807617117,Sandy,Low,1175.84,Jan 2023
Sugarcane,Central India,Kharif,934.8864134450948,Red,Low,275.35,Feb 2023
Onion,West India,Rabi,508.0404874528025,Sandy,Medium,2379.46,Apr 2023
Sugarcane,South India,Zaid,1550.359531028814,Black,High,369.42,Jan 2023
Wheat,North India,Zaid,700.9579185442681,Alluvial,Low,1856.6,Apr 2023
Tomato,South India,Rabi,931.4174031841778,Alluvial,Medium,1496.13,May 2023
Sugarcane,North India,Kharif,406.32178572552635,Red,Low,296.43,Apr 2023
Onion,West India,Kharif,1662.3237568931822,Sandy,Low,1079.69,Apr 2023
Wheat,West India,Kharif,1603.2004907517937,Loamy,High,1858.9,Feb 2023
Rice,Central India,Kharif,1547.146911071931,Alluvial,Medium,1280.86,Jun 2023
Cotton,South India,Zaid,809.0539678362073,Red,High,8400.97,May 2023
Cotton,Northeast India,Zaid,594.9161262521272,Red,High,8660.78,Apr 2023
Cotton,Central India,Rabi,1383.8405495993907,Black,Low,4098.69,Apr 2023
Sugarcane,South India,Rabi,1143.482852992473,Clayey,High,447.49,May 2023
Rice,Central India,Zaid,603.0291937378906,Clayey,Medium,2053.76,May 2023
Sugarcane,Northeast India,Zaid,1466.0491607847682,Alluvial,High,388.42,Jan 2023
Tomato,East India,Kharif,1984.9149340962163,Black,High,1403.59,Feb 2023
Sugarcane,East India,Kharif,1570.2732991614641,Black,High,344.39,May 2023
Rice,East India,Rabi,1557.9768573655401,Black,Low,1300.56,May 2023
Rice,East India,Zaid,1915.531679982006,Alluvial,Medium,1513.38,Mar 2023
Tomato,North India,Rabi,644.9918248773338,Clayey,Low,1533.35,Jun 2023
Rice,East India,Zaid,1261.4349403664487,Black,Low,1337.33,May 2023
Onion,Northeast India,Kharif,1965.399415557602,Sandy,Low,1176.51,Feb 2023
Rice,West India,Rabi,580.9999886492967,Red,Low,1885.48,Jun 2023
Cotton,West India,Rabi,1490.4283310556857,Red,Low,3615.2,Jun 2023
Onion,North India,Zaid,1295.8772481522333,Loamy,Medium,1863.99,Apr 2023
Onion,East India,Kharif,1297.0144567208017,Loamy,High,1678.85,Apr 2023
Tomato,East India,Rabi,1486.0400667841277,Alluvial,Low,1035.89,Apr 2023
Maize,East India,Kharif,1880.3487688886632,Alluvial,Low,975.97,Apr 2023
Maize,Central India,Rabi,1630.3892977472744,Red,Medium,1365.68,Mar 2023
Rice,South India,Kharif,395.431375807557,Sandy,Medium,2230.91,May 2023
Onion,Central India,Zaid,1749.637633788709,Clayey,High,1966.28,Apr 2023
Maize,South India,Rabi,683.4202608737455,Clayey,Medium,1850.33,Jan 2023
Maize,East India,Rabi,940.7540800518324,Alluvial,High,2183.14,Apr 2023
Rice,East India,Kharif,1084.9457831410496,Sandy,Low,1449.04,May 2023
Maize,Central India,Kharif,1117.5402012802183,Alluvial,Low,1056.68,Apr 2023
Sugarcane,Central India,Rabi,1039.8066787341065,Clayey,High,477.14,Mar 2023
Wheat,South India,Zaid,1893.5006001669697,Alluvial,Medium,1614.32,Feb 2023
Tomato,West India,Kharif,1500.2323130288419,Black,High,1514.46,Feb 2023
Wheat,South India,Kharif,1372.9900981264009,Alluvial,Medium,1590.68,May 2023
Rice,Central India,Kharif,384.73144723100063,Red,Low,1520.84,Feb 2023
Cotton,Northeast India,Rabi,1836.652661442637,Alluvial,Medium,4564.43,Feb 2023
Tomato,Central India,Rabi,1845.9633264142735,Red,High,1555.53,Jan 2023
Rice,Northeast India,Rabi,1626.362207831174,Sandy,High,1771.2,May 2023
Onion,North India,Rabi,311.94964648315255,Clayey,Low,1652.76,May 2023
Cotton,Central India,Zaid,397.3764268319597,Loamy,Medium,7404.42,Feb 2023
Wheat,North India,Zaid,682.8802938564326,Loamy,Medium,2628.33,Feb 2023
Rice,West India,Rabi,523.2939938463414,Clayey,Medium,2139.17,Feb 2023
Onion,South India,Zaid,978.02125049634,Loamy,Low,1505.08,Jun 2023
Tomato,Northeast India,Kharif,1868.4591987492424,Alluvial,Medium,1126.91,Mar 2023
Tomato,South India,Kharif,1102.502738134897,Sandy,High,1502.39,Apr 2023
Potato,North India,Kharif,322.7844649346815,Sandy,Medium,1455.69,Mar 2023
Onion,Northeast India,Rabi,780.6676722838954,Clayey,Low,1728.44,May 2023
Sugarcane,South India,Kharif,375.8113442340346,Loamy,Medium,406.02,Jan 2023
Maize,Central India,Zaid,361.68895844295366,Alluvial,Medium,2049.95,Apr 2023
Cotton,East India,Rabi,768.7237502624389,Sandy,High,7911.78,Jan 2023
Onion,North India,Zaid,768.5409757542072,Sandy,Medium,2156.09,Jun 2023
Potato,South India,Kharif,1638.115224422727,Black,High,1165.74,May 2023
Maize,North India,Kharif,1957.2189097278904,Black,High,1497.56,Jun 2023
Maize,North India,Kharif,931.0520596129971,Sandy,Low,1314.7,May 2023
Rice,Northeast India,Rabi,1029.1076940637656,Clayey,High,2290.27,Jan 2023
Maize,Northeast India,Zaid,1736.1420416862363,Red,High,1660.59,Jan 2023
Sugarcane,East India,Rabi,755.8363341623727,Red,Low,347.05,Jan 2023
Tomato,Central India,Rabi,565.8490674858615,Alluvial,High,2181.31,May 2023
Potato,North India,Kharif,1750.2523597862057,Sandy,Low,744.93,Feb 2023
Maize,South India,Rabi,379.05099694811133,Sandy,Medium,1903.3,Jan 2023
Rice,West India,Rabi,1353.4890483390068,Sandy,Low,1367.36,Jun 2023
Sugarcane,North India,Kharif,1255.3878406935714,Clayey,High,370.26,Apr 2023
Wheat,North India,Rabi,888.0647607528803,Black,Low,1632.84,May 2023
Tomato,East India,Kharif,835.8221858655103,Sandy,High,1644.72,Jun 2023
Tomato,Central India,Kharif,1612.1581345087561,Sandy,Medium,1163.79,Mar 2023
Potato,West India,Kharif,446.92183829632904,Loamy,Low,1137.1,Mar 2023
Tomato,Northeast India,Kharif,702.5333258293551,Clayey,Medium,1573.63,Apr 2023
Maize,Northeast India,Rabi,1545.1628441247526,Alluvial,High,1559.5,Feb 2023
Rice,South India,Kharif,1232.1449923349212,Sandy,High,1956.27,Jan 2023
Tomato,West India,Kharif,517.5799545070969,Loamy,Medium,1515.24,May 2023
Tomato,Northeast India,Rabi,1799.6305442795021,Red,Low,996.27,Jun 2023
Wheat,South India,Rabi,968.8613391581057,Alluvial,Low,1583.15,Jan 2023
Wheat,Central India,Zaid,1707.3762380476937,Sandy,High,1978.72,Jun 2023
Cotton,South India,Rabi,1639.1121263971047,Sandy,Medium,4344.92,May 2023
Sugarcane,Northeast India,Rabi,1361.5232590019377,Loamy,Medium,315.89,Mar 2023
Maize,East India,Zaid,1140.617923201658,Clayey,Low,1221.53,Jan 2023
Tomato,East India,Rabi,1965.2364286489867,Sandy,Low,987.4,Apr 2023
Onion,East India,Rabi,546.440623045689,Red,Low,1744.67,Feb 2023
Tomato,Northeast India,Rabi,1532.764736836895,Sandy,Medium,1290.97,Apr 2023
Rice,East India,Rabi,625.0241924901413,Red,Low,1661.11,Feb 2023
Cotton,West India,Zaid,875.0472790649923,Alluvial,Low,5383.56,Jun 2023
Sugarcane,Central India,Rabi,824.7878637344319,Alluvial,High,433.65,Jan 2023
Onion,South India,Rabi,1909.961179155829,Black,Low,1210.98,Jan 2023
Cotton,South India,Zaid,1944.505502240068,Black,Low,3532.84,Feb 2023
Potato,Northeast India,Kharif,611.1262551990362,Red,Medium,1177.32,Mar 2023
Sugarcane,East India,Zaid,337.4597725057571,Clayey,Medium,468.83,May 2023
Tomato,East India,Kharif,1524.0136674272924,Sandy,High,1429.95,Apr 2023
Tomato,North India,Zaid,1010.5828875798234,Sandy,Low,1414.79,Jun 2023
Sugarcane,Central India,Zaid,451.02841664885943,Black,High,552.87,Apr 2023
Tomato,West India,Rabi,1462.3819794809724,Red,Medium,1454.76,Apr 2023
Maize,South India,Kharif,1226.6793980431894,Sandy,High,1533.98,Jun 2023
Sugarcane,North India,Rabi,1966.8785974018801,Sandy,Medium,270.36,Jun 2023
Cotton,North India,Kharif,686.5961429643442,Clayey,High,6293.54,Jan 2023
Sugarcane,Northeast India,Zaid,986.7623897551321,Loamy,High,434.83,Apr 2023
Onion,South India,Zaid,1222.327865772219,Black,Low,1478.72,May 2023
Tomato,Northeast India,Kharif,1645.889980370698,Black,High,1407.83,May 2023
Maize,West India,Rabi,1233.0257164240998,Loamy,Low,1126.95,Feb 2023
Maize,North India,Rabi,1341.9302734653136,Sandy,Low,1297.03,Jun 2023
Potato,North India,Rabi,684.4499877028993,Clayey,Low,1190.26,Jan 2023
Cotton,Central India,Rabi,1739.7618377505516,Clayey,Low,3545.66,May 2023
Wheat,West India,Zaid,1028.6719298498087,Black,High,2393.66,Mar 2023
Wheat,North India,Zaid,539.6313667870078,Clayey,Medium,2370.06,Jan 2023
Sugarcane,West India,Zaid,1429.1194546592096,Alluvial,Medium,305.31,Jan 2023
Potato,South India,Zaid,667.3537704150228,Loamy,Medium,1355.88,May 2023
Rice,East India,Zaid,465.8562674068096,Sandy,High,2809.43,Mar 2023
Sugarcane,North India,Rabi,1765.3777442872629,Alluvial,Low,223.24,Feb 2023
Potato,Central India,Rabi,1082.2758496303475,Loamy,Medium,1190.68,May 2023
Cotton,South India,Rabi,1573.7823115828198,Red,High,6153.26,Mar 2023
Cotton,West India,Rabi,793.9988516708037,Black,Low,5119.24,Jan 2023
Cotton,Northeast India,Zaid,1637.8492293600327,Clayey,Medium,5274.61,Mar 2023
Cotton,South India,Zaid,490.29107593660154,Red,Low,5257.54,Jan 2023
Cotton,North India,Zaid,905.1547354512496,Clayey,Medium,6094.15,May 2023
Potato,West India,Kharif,1962.7050905549986,Alluvial,Medium,921.98,Jun 2023
Potato,East India,Rabi,1649.7825178256103,Sandy,Medium,922.67,May 2023
Maize,South India,Rabi,1145.33508153497,Sandy,Low,1152.07,Apr 2023
Onion,North India,Zaid,877.6217016552047,Sandy,High,2557.22,Apr 2023
Wheat,Central India,Rabi,1782.63069003821,Clayey,Low,1382.12,Apr 2023
Tomato,Northeast India,Rabi,1226.2411904436767,Red,Medium,1430.24,May 2023
Cotton,West India,Zaid,1589.3225303774889,Sandy,Low,3881.17,Feb 2023
Rice,South India,Kharif,1581.983056537479,Red,High,1625.95,May 2023
Tomato,South India,Kharif,330.5076535664361,Clayey,Low,1237.77,Jun 2023
Potato,East India,Kharif,514.6314307474429,Alluvial,High,1537.0,Mar 2023
Rice,East India,Zaid,1421.3699228710618,Red,High,1910.38,May 2023
Rice,Central India,Rabi,574.7536791859815,Alluvial,Low,1587.67,May 2023
Rice,Northeast India,Zaid,734.338685914528,Clayey,Medium,2352.21,Jan 2023
Maize,Central India,Zaid,1909.2845221393322,Clayey,High,1723.18,Jan 2023
Potato,North India,Rabi,1252.3098392373502,Black,Low,965.44,Jan 2023
Rice,North India,Kharif,1576.2401618988902,Clayey,High,1596.63,May 2023
Cotton,Central India,Kharif,1248.5672559304878,Clayey,Medium,4689.67,Feb 2023
Sugarcane,Northeast India,Zaid,1239.2731451306329,Loamy,Low,268.52,Mar 2023
Rice,Central India,Kharif,460.0582472136864,Sandy,Low,1484.1,Mar 2023
Maize,Northeast India,Zaid,884.2274274354752,Black,Low,1368.46,Jun 2023
Tomato,Northeast India,Zaid,780.1325277670699,Black,Medium,1876.3,Feb 2023
Potato,West India,Rabi,964.2382215431425,Black,High,1584.35,Feb 2023
Onion,Northeast India,Rabi,1657.1851199813582,Loamy,Low,1220.95,Mar 2023
Maize,East India,Rabi,932.2855354586702,Alluvial,High,2051.23,Apr 2023
Rice,Northeast India,Zaid,1067.8845926938607,Clayey,High,2518.43,Jan 2023
Potato,Northeast India,Rabi,975.5483638250381,Sandy,Medium,1161.72,Jan 2023
Sugarcane,Northeast India,Kharif,458.79355235800256,Red,Low,300.21,Mar 2023
Rice,North India,Kharif,1049.8226690263323,Alluvial,High,1957.36,Feb 2023
Maize,East India,Zaid,632.5357641756755,Clayey,Low,1669.74,Jun 2023
Wheat,East India,Zaid,617.4296028141705,Loamy,Low,2179.91,Apr 2023
Cotton,Central India,Rabi,459.8613775382528,Clayey,Medium,6461.31,Mar 2023
Onion,West India,Zaid,906.3406560410001,Clayey,Low,1755.73,Jan 2023
Tomato,Northeast India,Zaid,1587.7192041420094,Loamy,Low,1131.59,May 2023
Maize,South India,Kharif,769.9508739917733,Black,High,1855.72,Feb 2023
Potato,West India,Kharif,830.9934732053731,Black,Medium,1179.98,May 2023
Onion,West India,Rabi,1392.54691804312,Sandy,Low,1290.42,Jun 2023
Onion,East India,Zaid,632.9293813977621,Sandy,High,2921.78,Mar 2023
Onion,West India,Zaid,1824.8284817200083,Black,Medium,1482.91,Jan 2023
Rice,Northeast India,Kharif,1184.3238895276427,Alluvial,Medium,1700.96,Apr 2023
Cotton,Northeast India,Zaid,1060.924998544369,Red,High,6876.7,May 2023
Rice,North India,Kharif,1248.2943262796425,Clayey,High,1969.07,Apr 2023
Potato,Northeast India,Rabi,582.2583328075323,Red,High,1694.98,Jun 2023
Rice,Northeast India,Kharif,1342.9043356865998,Clayey,High,1845.94,Jan 2023
Wheat,East India,Zaid,917.2712522778178,Black,High,2893.26,May 2023
Cotton,Northeast India,Rabi,1825.2167796398521,Sandy,Low,3920.84,Jun 2023
Cotton,North India,Kharif,587.0521513520664,Alluvial,Low,5103.87,Apr 2023
Potato,South India,Kharif,1161.98687657125,Sandy,Medium,983.46,Apr 2023
Tomato,East India,Rabi,1316.7914699273306,Red,Low,1170.23,May 2023
Wheat,South India,Rabi,356.75212303684805,Sandy,Low,1870.84,Jan 2023
Maize,East India,Kharif,918.2783120854384,Black,Low,1228.09,Apr 2023
Rice,Central India,Zaid,1545.4798989914157,Alluvial,High,1962.87,Mar 2023
Sugarcane,West India,Kharif,1694.6417626632547,Red,Medium,260.83,Jun 2023
Rice,Central India,Rabi,832.37539118938,Alluvial,Medium,2003.43,May 2023
Onion,Northeast India,Kharif,1657.608563050677,Clayey,Medium,1503.85,Feb 2023
Rice,South India,Rabi,1945.184991075761,Sandy,Medium,1401.69,Feb 2023
Maize,Northeast India,Rabi,1756.68569132766,Alluvial,Low,1112.93,Jan 2023
Rice,West India,Zaid,499.9947798708528,Loamy,Low,1809.56,Mar 2023
Wheat,East India,Rabi,1557.541564545419,Sandy,High,1901.08,Apr 2023
Wheat,West India,Rabi,843.433615148926,Clayey,Medium,2058.79,Feb 2023
Cotton,North India,Zaid,1980.30718200053,Alluvial,Low,4219.92,Jan 2023
Potato,West India,Rabi,1125.1102713718083,Red,Low,1039.3,Jun 2023
Tomato,North India,Zaid,508.13762721019975,Clayey,High,2492.25,Mar 2023
Sugarcane,West India,Zaid,1532.8154316465643,Loamy,High,417.3,Mar 2023
Onion,North India,Rabi,849.1190372565635,Alluvial,High,2243.1,Jan 2023
Rice,South India,Rabi,1995.0328670388249,Black,Low,1174.63,Jan 2023
Rice,Northeast India,Kharif,1965.6301783526872,Sandy,Low,1131.44,Apr 2023
Maize,Northeast India,Zaid,1415.4278306349872,Red,High,1813.64,Jan 2023
Potato,Central India,Kharif,520.7049632179198,Black,Medium,1300.55,Apr 2023
Wheat,Northeast India,Rabi,1467.6636960475494,Alluvial,High,2066.67,Apr 2023
Sugarcane,East India,Kharif,458.15182698204626,Alluvial,High,479.9,May 2023
Cotton,West India,Zaid,349.9190704740669,Clayey,High,8843.71,Mar 2023
Wheat,Central India,Kharif,1699.0293585765262,Alluvial,High,1700.5,Jun 2023
Onion,East India,Zaid,656.5800110622583,Red,Low,1755.35,Mar 2023
Potato,East India,Rabi,944.3461145724656,Black,Medium,1297.1,Mar 2023
Onion,North India,Rabi,1954.8775629594943,Red,High,1839.91,May 2023
Tomato,Northeast India,Zaid,872.6288531638755,Loamy,Medium,1620.33,Apr 2023
Cotton,South India,Rabi,804.032628181636,Loamy,Medium,6450.34,Apr 2023
Tomato,South India,Rabi,1860.9535993587178,Sandy,Medium,1140.35,Jan 2023
Maize,Central India,Rabi,488.2723570422288,Sandy,High,2291.37,May 2023
Onion,South India,Rabi,1591.290097194874,Loamy,Low,1282.02,Jan 2023
Maize,West India,Zaid,1979.7114633097158,Alluvial,High,1711.19,May 2023
Rice,South India,Kharif,1832.203218316903,Red,Medium,1302.65,Jan 2023
Tomato,Central India,Kharif,1407.8354618009241,Loamy,Medium,1279.29,Feb 2023
Potato,South India,Rabi,833.9033514876444,Sandy,Low,1078.15,Mar 2023
Onion,West India,Kharif,732.3473680031384,Loamy,High,2367.5,Mar 2023
Sugarcane,North India,Kharif,1692.733678281484,Alluvial,Medium,278.5,Jun 2023
Cotton,Central India,Rabi,1795.697253717882,Loamy,Low,3777.39,Apr 2023
Wheat,North India,Rabi,1193.239351327678,Red,Medium,1960.09,Jun 2023
Potato,North India,Kharif,715.3778993369924,Black,Low,925.27,Feb 2023
Potato,North India,Zaid,492.00345429899505,Alluvial,Low,1175.87,Jun 2023
Maize,East India,Rabi,448.205095314113,Sandy,High,2348.19,Mar 2023
Tomato,Northeast India,Zaid,1522.4316605015545,Red,Medium,1389.72,Apr 2023
Onion,East India,Kharif,1014.2018373411324,Loamy,High,2047.89,Feb 2023
Onion,Northeast India,Rabi,1839.1117862723795,Loamy,Medium,1447.95,Mar 2023
Rice,North India,Zaid,1557.4412112354983,Black,High,1743.56,Jan 2023
Rice,Central India,Rabi,625.1427104547975,Sandy,Medium,2124.56,May 2023
Cotton,Northeast India,Kharif,1343.4216119866883,Sandy,High,5314.2,Feb 2023
Maize,West India,Zaid,1040.359272476871,Clayey,Low,1454.23,Apr 2023
Potato,West India,Kharif,1281.3245423066423,Sandy,Medium,934.73,Jun 2023
Onion,South India,Kharif,1554.717509675479,Black,Medium,1417.46,Jun 2023
Sugarcane,Northeast India,Rabi,1670.5329977064443,Clayey,Low,255.97,Feb 2023
Maize,Central India,Zaid,1734.3534548914313,Clayey,High,1579.58,Apr 2023
Cotton,East India,Kharif,731.7572867724421,Loamy,Medium,5659.91,Feb 2023
Cotton,North India,Kharif,352.8965198595081,Loamy,Medium,5757.64,Apr 2023
Maize,South India,Zaid,1556.8010497801145,Sandy,High,1763.25,Jun 2023
Cotton,West India,Kharif,480.7843346348168,Clayey,Low,4953.0,Mar 2023
Maize,East India,Kharif,835.363300642045,Loamy,High,1888.45,Jan 2023
Wheat,East India,Zaid,306.48912801139016,Black,High,3181.54,Mar 2023
Maize,North India,Zaid,1458.8381200827541,Loamy,High,1930.87,Jan 2023
Tomato,Northeast India,Zaid,584.1244195010761,Alluvial,Medium,1764.62,Jun 2023
Maize,West India,Zaid,1413.980096475819,Alluvial,Low,1097.81,Mar 2023
Cotton,Central India,Rabi,1985.962449185326,Loamy,Low,3963.34,Mar 2023
Onion,East India,Zaid,423.5404817370277,Clayey,High,2876.24,Feb 2023
Tomato,North India,Rabi,431.0326203174832,Clayey,Medium,2020.1,May 2023
Cotton,Central India,Rabi,878.6461575333474,Red,High,7350.13,Jun 2023
Rice,Northeast India,Rabi,1772.8570742272816,Alluvial,Medium,1605.79,Apr 2023
Rice,West India,Kharif,666.4007769452642,Black,Medium,1873.43,Jun 2023
Onion,Northeast India,Rabi,912.6422938815908,Clayey,Medium,2042.23,Apr 2023
Onion,East India,Rabi,416.4591912658653,Sandy,Medium,2444.13,Apr 2023
Tomato,Central India,Kharif,1597.363995140112,Alluvial,Low,926.17,Jan 2023
Wheat,Central India,Kharif,994.1207826910669,Black,Medium,1782.18,Apr 2023
Onion,Central India,Kharif,1590.722846203433,Black,Medium,1309.79,Apr 2023
Rice,East India,Zaid,1836.1333353895516,Clayey,High,1786.24,Feb 2023
Maize,East India,Kharif,695.6973500721908,Black,High,1907.3,Mar 2023
Cotton,Northeast India,Kharif,1672.5732515779173,Clayey,Low,3214.53,Jun 2023
Rice,South India,Rabi,400.4596131330306,Loamy,High,2751.26,Jun 2023
Rice,Northeast India,Kharif,1828.0405599064204,Alluvial,Medium,1392.07,Apr 2023
Wheat,West India,Zaid,1406.3065308498706,Red,High,2248.9,May 2023
Tomato,North India,Kharif,1786.1854310351976,Loamy,Low,933.05,Jun 2023
Tomato,Central India,Zaid,300.3202792461892,Alluvial,High,2177.16,Apr 2023
Potato,South India,Kharif,587.4378196051873,Clayey,High,1427.84,Jan 2023
Wheat,North India,Kharif,962.5909586250365,Alluvial,Low,1437.95,Jan 2023
Maize,South India,Kharif,945.1549357370216,Clayey,Low,1242.71,Jan 2023
Tomato,Northeast India,Kharif,685.4416509699681,Loamy,Medium,1484.36,Apr 2023
Cotton,East India,Zaid,948.7402977742402,Sandy,High,7064.0,Feb 2023
Onion,Central India,Zaid,519.0428104004332,Sandy,Medium,2251.63,May 2023
Wheat,Northeast India,Rabi,1001.6939197522443,Alluvial,High,2675.67,Apr 2023
Onion,North India,Zaid,1664.0023595707491,Sandy,High,1715.99,Feb 2023
Rice,North India,Kharif,1114.4191072756971,Clayey,Medium,1693.92,Feb 2023
Cotton,North India,Rabi,330.60015120686546,Black,High,8596.88,Jun 2023
Cotton,North India,Rabi,1016.4548706847206,Clayey,High,7303.66,Apr 2023
Rice,North India,Rabi,346.19752735443507,Black,High,2957.16,Apr 2023
Wheat,South India,Kharif,1942.6137982015568,Loamy,Low,1099.3,Feb 2023
Rice,Northeast India,Zaid,516.6717310188773,Red,Medium,2139.81,Feb 2023
Onion,Central India,Kharif,1503.0701547620517,Black,Low,1226.54,Feb 2023
Potato,East India,Rabi,1953.719748916546,Sandy,Medium,999.64,Jun 2023
Cotton,East India,Kharif,1704.2663878331723,Clayey,Medium,4234.0,Apr 2023
Sugarcane,Northeast India,Kharif,1488.8361377145463,Loamy,High,344.87,Feb 2023
Sugarcane,Northeast India,Zaid,1727.0835461513038,Sandy,Medium,319.03,Jan 2023
Onion,East India,Zaid,1969.057778543067,Loamy,Low,1376.62,Apr 2023
Maize,East India,Rabi,1356.2856453310003,Red,Low,1302.1,Jun 2023
Tomato,South India,Kharif,1250.614171609855,Clayey,Low,1090.77,Jan 2023
Rice,West India,Kharif,1368.0047877875784,Alluvial,Medium,1436.39,Mar 2023
Rice,Central India,Zaid,1205.5490074946433,Clayey,Low,1587.53,Apr 2023
Maize,North India,Kharif,1379.651480046522,Red,Medium,1207.95,Mar 2023
Maize,West India,Kharif,1064.7317535533507,Clayey,Low,1125.77,Feb 2023
Onion,Northeast India,Kharif,671.353410901622,Alluvial,Low,1638.5,Jun 2023
Onion,East India,Zaid,504.42028506984855,Black,Medium,2194.59,Feb 2023
Maize,West India,Rabi,416.17959040484266,Loamy,Low,1515.85,Jun 2023
Cotton,Central India,Rabi,747.6368323804402,Alluvial,High,6969.21,May 2023
Onion,Northeast India,Kharif,378.4100593707475,Sandy,Medium,2199.38,Feb 2023
Potato,North India,Rabi,1264.1903258629554,Red,Medium,1149.05,Mar 2023
Onion,North India,Zaid,782.5083599399845,Black,Medium,2197.82,Jun 2023
Rice,Central India,Zaid,1701.7091737479548,Sandy,High,1801.6,Feb 2023
Onion,Central India,Rabi,426.20948408025697,Sandy,Medium,2367.68,Apr 2023
Cotton,East India,Rabi,684.797540380526,Red,Low,5370.9,Jun 2023
Maize,North India,Kharif,1541.418450053248,Black,Low,959.19,Jun 2023
Rice,Northeast India,Rabi,1317.9741038519355,Sandy,Low,1327.59,Feb 2023
Onion,West India,Kharif,409.6351611235848,Sandy,Medium,1927.68,May 2023
Cotton,Northeast India,Kharif,1791.3070771757407,Black,Low,3662.72,Feb 2023
Potato,South India,Zaid,1791.3449968045052,Clayey,Medium,1086.75,Mar 2023
Onion,South India,Zaid,861.6936065888156,Sandy,Low,1801.04,Mar 2023
Cotton,Central India,Zaid,878.6899336942599,Loamy,High,7256.54,Jun 2023
Potato,East India,Zaid,1981.3482091952956,Black,High,1338.64,Jun 2023
Maize,South India,Rabi,1364.499491708335,Sandy,High,1865.23,Feb 2023
Onion,North India,Zaid,1203.2380849657006,Red,High,2299.94,Mar 2023
Potato,Northeast India,Rabi,1724.8587120382715,Alluvial,Medium,1101.87,Mar 2023
Rice,Northeast India,Zaid,784.993575207438,Loamy,Low,1661.38,May 2023
Maize,Central India,Rabi,1029.6104087738067,Alluvial,High,1848.68,Apr 2023
Rice,West India,Kharif,755.220348330168,Alluvial,Medium,1913.04,May 2023
Sugarcane,Central India,Rabi,1641.5734392008435,Sandy,High,368.98,Jan 2023
Wheat,West India,Rabi,1274.6938875798705,Loamy,High,2323.62,May 2023
Onion,Central India,Zaid,1420.00261923812,Loamy,Medium,1602.95,Feb 2023
Potato,Central India,Rabi,728.9223247269911,Clayey,Medium,1375.08,Apr 2023
Wheat,Central India,Kharif,674.3830123414357,Alluvial,Low,1621.69,Feb 2023
Wheat,West India,Kharif,1130.2368692709958,Loamy,Low,1432.92,Jan 2023
Potato,West India,Zaid,1553.8617734578056,Clayey,High,1329.07,Apr 2023
Maize,Central India,Kharif,1192.9075877842724,Black,High,1790.41,Jun 2023
Onion,South India,Rabi,355.4976518276366,Clayey,Low,1717.23,Mar 2023
Sugarcane,East India,Kharif,1776.537560744491,Red,Low,208.77,May 2023
Rice,East India,Zaid,409.96771897572364,Sandy,Medium,2260.03,Feb 2023
Cotton,East India,Rabi,1924.9016223252788,Black,Low,3473.23,Jan 2023
Rice,West India,Zaid,342.7413290713636,Black,Low,2008.53,Mar 2023
Cotton,West India,Rabi,1480.565775422205,Red,High,6296.25,May 2023
Rice,South India,Kharif,439.7520083100288,Clayey,Low,1581.34,Mar 2023
Potato,East India,Zaid,1848.1501850397374,Sandy,High,1330.88,May 2023
Sugarcane,East India,Zaid,1089.5365015834227,Clayey,Low,322.53,Jun 2023
Onion,Central India,Rabi,533.7904171889262,Loamy,Medium,2334.88,Apr 2023
Cotton,West India,Zaid,879.3866896427393,Clayey,Low,4715.21,Mar 2023
Onion,East India,Rabi,580.2019480894955,Black,Low,1880.87,Mar 2023
Onion,Northeast India,Rabi,589.989249647053,Sandy,Low,1676.26,Mar 2023
Onion,South India,Rabi,1911.7841442914516,Clayey,High,1756.06,Apr 2023
Tomato,Northeast India,Rabi,1056.9183908841399,Sandy,Medium,1409.9,Jan 2023
Maize,Northeast India,Kharif,1640.9638486391113,Sandy,Low,970.11,May 2023
Rice,South India,Rabi,1387.3294540020593,Loamy,High,1820.73,Jun 2023
Onion,Northeast India,Zaid,1449.924815975267,Loamy,Medium,1598.41,Mar 2023
Rice,East India,Kharif,523.8788454024655,Black,High,2290.62,Apr 2023
Onion,West India,Zaid,698.1135595863257,Red,High,2776.62,Jan 2023
Cotton,South India,Kharif,1637.4755697625428,Sandy,Medium,4493.91,May 2023
Maize,Central India,Rabi,1950.3025510071311,Red,Low,1032.72,Apr 2023
Maize,Northeast India,Kharif,746.5485924177079,Black,High,2120.01,Jun 2023
Potato,South India,Kharif,761.6669000767678,Sandy,High,1582.18,Jun 2023
Tomato,North India,Zaid,1103.9251257785381,Sandy,Low,1341.72,May 2023
Potato,North India,Zaid,1972.5285318542442,Alluvial,Low,785.11,Mar 2023
Potato,West India,Rabi,757.2302079050007,Red,Medium,1413.81,Jun 2023
Potato,East India,Kharif,991.8522463782487,Clayey,Medium,1244.84,Jan 2023
Potato,West India,Kharif,1815.5160265599616,Loamy,Medium,945.3,Apr 2023
Potato,West India,Kharif,304.96575545631543,Clayey,Low,1057.54,Jan 2023
Sugarcane,West India,Rabi,367.6021404805682,Red,High,529.26,Mar 2023
Maize,West India,Rabi,1326.9218510210726,Loamy,High,1848.66,Jan 2023
Potato,Central India,Rabi,1842.5462800118398,Clayey,Medium,1010.13,Jan 2023
Onion,Central India,Rabi,706.056322683277,Alluvial,Low,1533.96,Feb 2023
Maize,South India,Rabi,1098.3910169572055,Loamy,High,1876.59,Jan 2023
Maize,North India,Zaid,1065.7910128182912,Sandy,Medium,1825.51,May 2023
Wheat,West India,Kharif,1104.0512883623674,Clayey,High,2360.01,Apr 2023
Sugarcane,South India,Kharif,1358.2834827405668,Loamy,High,325.86,Feb 2023
Potato,North India,Kharif,1098.5643970841625,Alluvial,Low,961.84,Apr 2023
Rice,Northeast India,Kharif,1060.6958402481782,Loamy,Low,1294.44,Apr 2023
Cotton,East India,Kharif,1106.2903147331428,Loamy,High,6244.18,Mar 2023
Tomato,Central India,Kharif,1304.4746501607706,Alluvial,Medium,1344.86,Mar 2023
Onion,Northeast India,Kharif,1212.9127301973092,Clayey,Low,1350.2,Feb 2023
Rice,North India,Kharif,1752.0311960058573,Black,High,1787.95,Jun 2023
Sugarcane,Northeast India,Zaid,384.14465093923326,Clayey,Low,355.77,Mar 2023
Cotton,East India,Kharif,1716.6390215041213,Red,Low,3583.77,Mar 2023
Sugarcane,North India,Zaid,1734.6718414399309,Alluvial,Low,228.25,Mar 2023
Onion,Northeast India,Rabi,784.3436366026334,Clayey,High,2530.73,Apr 2023
Maize,Central India,Kharif,1086.848323526946,Loamy,Medium,1547.43,Feb 2023
Cotton,Central India,Rabi,1045.5154305136402,Alluvial,Medium,5889.54,Apr 2023
Maize,South India,Rabi,671.4667184020216,Sandy,Medium,1771.64,May 2023
Onion,Northeast India,Rabi,974.554640046738,Clayey,Low,1638.59,Apr 2023
Rice,West India,Zaid,375.45921269045255,Alluvial,High,2662.37,May 2023
Onion,Northeast India,Rabi,772.2975237289486,Clayey,Low,1481.54,Jan 2023
Rice,North India,Rabi,1688.3596982662207,Alluvial,Medium,1577.76,Jan 2023
Cotton,North India,Rabi,783.7559129969259,Loamy,Medium,6160.9,May 2023
Cotton,Northeast India,Kharif,1690.9513368720209,Sandy,High,5366.22,May 2023
Potato,East India,Kharif,1203.7190898275326,Sandy,Low,830.25,Apr 2023
Sugarcane,Central India,Zaid,1795.766551513972,Red,Medium,287.57,May 2023
Potato,North India,Zaid,1277.1252422495058,Alluvial,High,1534.42,Feb 2023
Sugarcane,Central India,Kharif,350.43597921005767,Clayey,Low,322.32,Jan 2023
Potato,North India,Zaid,1448.2143528300517,Sandy,Low,842.39,Jan 2023
Maize,South India,Kharif,376.2510656400667,Sandy,Medium,1904.4,Jun 2023
Cotton,West India,Rabi,1066.0149322713278,Black,Medium,5660.48,May 2023
Rice,North India,Rabi,1880.0253806042938,Black,Low,1234.84,Mar 2023
Sugarcane,Central India,Zaid,580.8466968743453,Sandy,Low,348.29,Mar 2023
Onion,South India,Kharif,962.783000000625,Alluvial,Medium,1845.03,May 2023
Sugarcane,North India,Kharif,1540.7625250424132,Red,Low,232.42,Feb 2023
Rice,East India,Zaid,1799.8395453612409,Sandy,Medium,1650.33,Mar 2023
Potato,West India,Kharif,1440.6031080622633,Loamy,Low,716.65,Jun 2023
Sugarcane,North India,Rabi,738.8945321249877,Clayey,Medium,426.56,May 2023
Tomato,South India,Zaid,1446.8333499575674,Red,High,1742.72,Feb 2023
Maize,East India,Zaid,804.436989876953,Loamy,Medium,1948.6,Feb 2023
Cotton,Northeast India,Kharif,1521.32969069185,Red,Medium,4198.72,Apr 2023
Rice,South India,Zaid,1921.8563168945689,Loamy,High,2044.99,Feb 2023
Cotton,South India,Kharif,1526.3688668806901,Clayey,Low,3601.95,Mar 2023
Tomato,East India,Kharif,1766.896854951101,Clayey,High,1262.0,Mar 2023
Sugarcane,South India,Kharif,303.5765333990018,Black,Medium,391.64,May 2023
Sugarcane,East India,Kharif,1519.8726120437104,Alluvial,Low,236.9,May 2023
Onion,North India,Kharif,1710.2988466709255,Loamy,High,1492.94,Feb 2023
Tomato,East India,Zaid,368.9498538259584,Black,Low,1730.18,Jun 2023
Rice,East India,Rabi,1781.716136389992,Loamy,Low,1252.94,Jan 2023
Onion,West India,Rabi,736.3801881270779,Black,High,2532.13,Apr 2023
Maize,East India,Zaid,1430.9965733626939,Clayey,Low,1150.39,Jan 2023
Onion,East India,Zaid,1660.6032943397913,Red,High,1805.3,Feb 2023
Wheat,Northeast India,Rabi,1426.5296722009043,Black,Medium,1960.7,Feb 2023
Rice,North India,Rabi,456.8841465245373,Loamy,Low,1713.68,Jan 2023
Wheat,West India,Rabi,1313.7465820626262,Loamy,Medium,1983.99,Apr 2023
Tomato,Northeast India,Rabi,1234.2922164276442,Alluvial,Medium,1420.96,Jan 2023
Potato,Central India,Rabi,1830.5461557262615,Clayey,Low,748.22,May 2023
Wheat,North India,Kharif,987.2075403951555,Loamy,High,2065.66,Mar 2023
Maize,North India,Zaid,845.8378650479852,Sandy,Low,1493.46,Jun 2023
Onion,Central India,Kharif,1574.7462995419926,Red,Medium,1513.94,May 2023
Potato,East India,Rabi,1001.5480543417742,Black,Medium,1226.39,Mar 2023
Onion,Northeast India,Rabi,1398.363497508607,Alluvial,High,1910.66,Jun 2023
Wheat,South India,Rabi,1398.9651532118319,Red,Low,1411.16,Jun 2023
Onion,West India,Kharif,1809.6664094122002,Clayey,Medium,1373.62,Jun 2023
Tomato,South India,Kharif,1317.7770839424657,Alluvial,Medium,1258.94,Feb 2023
Potato,Central India,Rabi,1153.6611369353777,Black,Medium,1286.3,Jun 2023
Tomato,North India,Kharif,536.0812548740789,Black,High,1976.61,Apr 2023
Wheat,North India,Kharif,496.7539313537991,Sandy,Medium,2222.17,Jan 2023
Tomato,West India,Rabi,562.3466609812349,Clayey,Medium,1674.24,Apr 2023
Maize,North India,Kharif,592.1424182560606,Alluvial,Low,1514.68,Jan 2023
Wheat,North India,Zaid,1384.3910575281777,Alluvial,Low,1457.76,May 2023
Wheat,West India,Zaid,1559.6681254667835,Loamy,Medium,1636.88,May 2023
Wheat,Northeast India,Zaid,1200.985588974912,Sandy,Medium,2119.59,Jan 2023
Rice,Northeast India,Zaid,1709.3301453273348,Sandy,Low,1291.37,Apr 2023
Onion,West India,Rabi,1985.1474854471765,Alluvial,High,1783.61,Jan 2023
Rice,Central India,Rabi,1694.0214695029051,Alluvial,High,1786.17,Jun 2023
Rice,North India,Rabi,1481.3000352491306,Red,High,2012.7,Feb 2023
Maize,North India,Zaid,1205.2375890431492,Red,High,1847.77,May 2023
Potato,Central India,Zaid,1063.050221847004,Red,High,1650.03,Feb 2023
Onion,Northeast India,Kharif,443.467046925722,Sandy,High,2505.04,Jun 2023
Tomato,East India,Kharif,978.9268722709746,Loamy,High,1694.1,Jun 2023
Sugarcane,East India,Zaid,1847.2288825296282,Black,High,366.5,May 2023
Wheat,East India,Zaid,1673.63847084114,Red,Low,1339.47,May 2023
Tomato,Northeast India,Zaid,667.2873205198682,Loamy,High,2310.5,Jun 2023
Wheat,Northeast India,Zaid,1093.233233985267,Clayey,High,2564.54,Mar 2023
Maize,Central India,Kharif,1688.4294443495257,Red,High,1406.92,Feb 2023
Wheat,North India,Zaid,414.5537431353883,Black,Medium,2679.84,Feb 2023
Rice,Central India,Kharif,958.5673956367208,Clayey,Low,1524.4,Mar 2023
Onion,Central India,Zaid,1748.1301026857109,Clayey,Low,1250.79,Apr 2023
Sugarcane,Northeast India,Zaid,986.6263690892104,Black,Low,335.4,Feb 2023
Cotton,East India,Zaid,431.9448960434495,Red,High,8367.05,Jan 2023
Wheat,South India,Kharif,1222.3084265048274,Sandy,High,1923.05,Jun 2023
Tomato,North India,Kharif,1764.962241361102,Black,Medium,1072.57,Jun 2023
Rice,Northeast India,Rabi,1303.4854230203714,Black,Low,1336.94,Mar 2023
Cotton,East India,Zaid,684.674483964194,Black,High,7573.21,Feb 2023
Sugarcane,South India,Rabi,953.2073542335482,Clayey,Low,268.74,Apr 2023
Cotton,South India,Rabi,1065.2097140092847,Loamy,Medium,6118.38,Feb 2023
Rice,Northeast India,Kharif,1284.7528014948957,Sandy,Medium,1654.13,Jun 2023
Onion,West India,Kharif,1590.8967437794422,Red,Medium,1439.73,May 2023
Onion,North India,Rabi,468.08514998908015,Red,Low,1661.82,Jan 2023
Potato,South India,Zaid,1812.4084561298628,Loamy,High,1170.98,Mar 2023
Onion,Northeast India,Kharif,320.9264951273285,Black,High,2249.45,May 2023
Potato,Northeast India,Zaid,929.0889689462339,Sandy,Medium,1411.74,Apr 2023
Cotton,East India,Zaid,346.614526953518,Red,High,9459.15,May 2023
Maize,West India,Rabi,968.0561830869951,Alluvial,Medium,1674.3,May 2023
Tomato,North India,Rabi,1193.8814180846502,Red,Low,1088.8,Apr 2023
Tomato,Central India,Rabi,1169.85835718857,Black,Medium,1489.51,May 2023
Cotton,East India,Rabi,581.5681899480511,Alluvial,Low,5105.22,Mar 2023
Wheat,South India,Kharif,1397.7588671625408,Loamy,Medium,1606.83,Jun 2023
Wheat,South India,Kharif,376.123365857936,Sandy,High,2802.39,Feb 2023
Onion,East India,Rabi,1595.2415942251062,Loamy,High,1897.52,May 2023
Tomato,Northeast India,Kharif,1909.2955377890287,Loamy,Medium,1051.22,Mar 2023
Tomato,South India,Rabi,877.6070061569004,Sandy,High,1784.4,Feb 2023
Potato,West India,Zaid,1179.3069489143643,Sandy,High,1636.57,Feb 2023
Maize,North India,Zaid,944.1474726999844,Red,High,2036.32,May 2023
Rice,West India,Zaid,311.40766351690195,Red,Low,1731.18,Mar 2023
Wheat,South India,Rabi,955.9866549216971,Sandy,High,2398.38,Jun 2023
Tomato,Central India,Zaid,1645.924440744289,Alluvial,Low,958.63,May 2023
Potato,North India,Kharif,1313.181031711919,Clayey,Medium,998.9,Apr 2023
Sugarcane,North India,Zaid,472.1418548457702,Red,High,576.15,Feb 2023
Potato,East India,Zaid,1740.1371324794345,Clayey,High,1226.96,May 2023
Wheat,East India,Zaid,1202.845086304913,Alluvial,High,2434.02,Feb 2023
Wheat,Central India,Kharif,1730.9297149659494,Sandy,Medium,1573.38,Mar 2023
Potato,Northeast India,Rabi,1286.37658193455,Alluvial,Low,913.4,Jan 2023
Rice,North India,Kharif,1251.4703562244977,Red,Low,1343.93,May 2023
Cotton,Central India,Rabi,478.94061483492106,Loamy,High,8729.09,Jun 2023
Wheat,East India,Rabi,584.5115463356675,Sandy,Medium,2156.5,May 2023
Potato,East India,Zaid,1952.4429360442048,Black,Medium,1114.72,Feb 2023
Tomato,North India,Rabi,688.4274694831104,Clayey,Medium,1724.92,Mar 2023
Potato,West India,Kharif,1961.6686005836254,Alluvial,Medium,1001.16,Apr 2023
Maize,South India,Kharif,1204.2516010912477,Sandy,Medium,1411.76,Jun 2023
Cotton,East India,Rabi,530.8413800086931,Alluvial,Low,5862.75,Mar 2023
Sugarcane,Northeast India,Zaid,468.813744681278,Sandy,Low,380.99,May 2023
Rice,Northeast India,Zaid,655.0689201997579,Red,Low,1677.32,Apr 2023
Onion,East India,Kharif,1873.5834610430709,Red,High,1654.21,Mar 2023
Sugarcane,West India,Zaid,1004.0553813579855,Red,Medium,422.32,Jan 2023
Cotton,West India,Rabi,972.2382555879544,Alluvial,High,7494.25,Jun 2023
Cotton,Central India,Rabi,832.4506438192958,Black,Medium,5606.52,Feb 2023
Cotton,Northeast India,Kharif,550.0051459632002,Red,Low,5005.4,Mar 2023
Sugarcane,Central India,Rabi,1129.347035227091,Sandy,High,408.95,Mar 2023
Tomato,Northeast India,Kharif,521.0812302689358,Red,Low,1191.64,Jan 2023
Cotton,South India,Rabi,1720.316401849957,Loamy,Medium,4530.82,May 2023
Potato,South India,Kharif,929.674876668021,Red,Medium,1104.83,Jun 2023
Sugarcane,North India,Zaid,937.1660652290539,Alluvial,Medium,418.13,Jun 2023
Onion,Central India,Rabi,1105.8109284213651,Black,Low,1411.22,Feb 2023
Cotton,East India,Rabi,1055.0171123817777,Loamy,Medium,6040.44,Mar 2023
Potato,Central India,Kharif,1991.2585542008467,Alluvial,Low,656.73,Apr 2023
Tomato,East India,Kharif,1227.1479060711142,Alluvial,High,1519.78,Mar 2023
Maize,West India,Rabi,449.9428964427802,Alluvial,Medium,1885.12,Feb 2023
Tomato,Central India,Kharif,1331.6914806807808,Sandy,Medium,1199.91,Mar 2023
Onion,West India,Rabi,557.6932978787959,Alluvial,Medium,1981.36,Jan 2023
Cotton,South India,Zaid,352.5939960432814,Sandy,High,8166.85,Mar 2023
Onion,South India,Kharif,1950.2616612513218,Alluvial,Medium,1383.2,Mar 2023
Sugarcane,North India,Rabi,1615.0161156087586,Clayey,Low,225.39,Apr 2023
Wheat,Central India,Zaid,1966.1852871034039,Loamy,Low,1384.74,Jan 2023
Cotton,West India,Zaid,1112.3933616378122,Clayey,Medium,5679.93,Jan 2023
Wheat,East India,Rabi,1204.8378029532594,Alluvial,Medium,2103.71,Mar 2023
Potato,South India,Kharif,586.1728250625214,Loamy,High,1682.89,Jun 2023
Maize,South India,Rabi,719.7426253348955,Loamy,High,2201.23,Apr 2023
Rice,East India,Zaid,1725.533665334808,Black,High,1836.23,Mar 2023
Onion,West India,Rabi,905.5156000999101,Clayey,Medium,1796.21,Mar 2023
Tomato,West India,Kharif,1705.5854554539123,Black,High,1492.05,Feb 2023
Maize,Central India,Zaid,1505.323331287954,Loamy,High,1601.78,Feb 2023
Cotton,Central India,Rabi,601.1905729621714,Sandy,Low,5022.34,Jun 2023
Wheat,Northeast India,Kharif,1162.6588224035618,Loamy,High,2069.29,Apr 2023
Tomato,Northeast India,Zaid,1451.5584465818185,Black,Low,1081.04,May 2023
Wheat,North India,Kharif,699.5632651665027,Clayey,Low,1559.94,Feb 2023
Sugarcane,South India,Zaid,1712.1704678841306,Alluvial,High,390.53,May 2023
Wheat,Central India,Rabi,1226.2070178268177,Alluvial,Low,1436.05,Jan 2023
Sugarcane,West India,Kharif,580.9114857524255,Clayey,Medium,389.17,Feb 2023
Potato,East India,Zaid,1291.0735244798243,Alluvial,Medium,1102.26,Feb 2023
Tomato,West India,Kharif,1999.5134670650539,Alluvial,High,1250.5,Apr 2023
Tomato,South India,Kharif,555.8865358278031,Black,Medium,1769.92,Jun 2023
Rice,Northeast India,Rabi,1688.4867812031978,Clayey,Low,1134.64,May 2023
Cotton,West India,Kharif,652.4253054188486,Red,Medium,6204.96,Feb 2023
Sugarcane,North India,Zaid,1630.0601600821485,Sandy,High,372.9,Feb 2023
Rice,South India,Zaid,1548.7824693064024,Sandy,High,1777.46,Apr 2023
Wheat,Northeast India,Zaid,810.831955520735,Alluvial,Low,2041.41,Apr 2023
Wheat,East India,Zaid,853.8992998595647,Sandy,High,2628.46,Jun 2023
Rice,Northeast India,Rabi,1647.2863663369626,Clayey,Medium,1620.76,May 2023
Tomato,North India,Kharif,1084.4573702084315,Clayey,High,1551.78,Jan 2023
Wheat,South India,Rabi,1542.390648810075,Loamy,Low,1473.68,Jun 2023
Onion,East India,Kharif,551.5730505219191,Loamy,High,2129.09,Jan 2023
Potato,North India,Kharif,1749.348229232641,Sandy,Medium,914.15,Mar 2023
Potato,Northeast India,Kharif,1508.5040183599424,Red,Low,798.23,Feb 2023
Onion,North India,Rabi,1841.8027750192177,Loamy,Medium,1643.48,May 2023
Rice,South India,Kharif,525.0330443594532,Loamy,Low,1714.27,Jun 2023
Onion,Central India,Rabi,1308.124650613016,Clayey,High,2165.15,Feb 2023
Sugarcane,North India,Zaid,1318.5049945685528,Red,Low,296.67,May 2023
Sugarcane,North India,Zaid,900.8832589295301,Alluvial,Low,299.04,May 2023
Rice,Northeast India,Kharif,1079.3929217677382,Sandy,High,1911.47,May 2023
Onion,Northeast India,Rabi,364.5686575927509,Loamy,Medium,2172.28,Feb 2023
Sugarcane,East India,Zaid,1567.9620656659204,Red,High,365.32,Jun 2023
Tomato,Northeast India,Rabi,1233.8482149853958,Red,Low,1137.0,Apr 2023
Onion,West India,Rabi,398.15978817759543,Sandy,High,2745.85,Feb 2023
Tomato,South India,Kharif,1457.2850180328255,Red,Low,900.5,May 2023
Sugarcane,South India,Zaid,1093.5295312930193,Red,High,464.72,Jun 2023
Potato,Central India,Kharif,358.58414102250003,Red,High,1532.46,Mar 2023
Sugarcane,Central India,Kharif,1948.333135641762,Loamy,Medium,255.91,Jan 2023
Tomato,South India,Zaid,1913.4906432520488,Sandy,Low,1056.71,May 2023
Maize,Central India,Zaid,1171.9341074502358,Red,Medium,1757.5,Mar 2023
Cotton,East India,Rabi,459.2431152000473,Red,Low,5713.92,Apr 2023
Wheat,Northeast India,Zaid,1582.8560767176061,Loamy,High,2189.0,May 2023
Onion,South India,Rabi,1136.2828701797393,Sandy,Low,1343.95,Mar 2023
Maize,Central India,Rabi,814.1607130919458,Clayey,Medium,1800.86,May 2023
Sugarcane,South India,Rabi,1135.4109017985465,Loamy,Medium,321.96,Feb 2023
Potato,West India,Zaid,1188.1550471892897,Sandy,Medium,1206.87,Jun 2023
Rice,North India,Kharif,1256.6098883379766,Red,Low,1229.35,Mar 2023
Sugarcane,Northeast India,Rabi,1050.080313214055,Sandy,Medium,328.11,Jun 2023
Potato,South India,Kharif,1329.7840153363964,Sandy,Medium,968.82,Feb 2023
Cotton,North India,Kharif,1861.8490080308416,Alluvial,Medium,4560.92,Feb 2023
Sugarcane,Central India,Zaid,915.855748067605,Sandy,High,518.05,Jun 2023
Tomato,North India,Kharif,1533.7179874739134,Clayey,High,1364.26,Mar 2023
Rice,Northeast India,Kharif,1820.5693466011946,Sandy,Low,994.39,Jun 2023
Potato,South India,Zaid,1075.1647687918926,Clayey,Low,963.46,Jun 2023
Potato,West India,Rabi,1053.8749218492371,Red,Medium,1210.7,Jan 2023
Potato,Central India,Kharif,1323.5988751031252,Clayey,High,1329.74,Mar 2023
Cotton,South India,Zaid,1305.3914910182298,Red,Medium,5044.17,Jan 2023
Sugarcane,Northeast India,Kharif,1671.2018819546709,Red,Medium,280.02,May 2023
Cotton,Central India,Kharif,1110.0217524230975,Clayey,High,5567.34,Jun 2023
Onion,East India,Rabi,1993.4090143870499,Loamy,High,1989.04,May 2023
Wheat,North India,Kharif,401.1016670743773,Black,High,2670.4,Mar 2023
Wheat,Northeast India,Zaid,305.38534258719295,Sandy,Low,2228.26,Jun 2023
Onion,East India,Kharif,1388.3371296513606,Alluvial,Low,1153.43,May 2023
Sugarcane,South India,Rabi,807.3393510151905,Black,Medium,401.09,Apr 2023
Tomato,West India,Rabi,708.6500607891224,Sandy,Low,1297.22,Feb 2023
Cotton,Central India,Zaid,830.2284360072767,Sandy,High,7127.78,Jun 2023
Rice,North India,Rabi,735.2808606784223,Red,High,2684.37,Feb 2023
Potato,Central India,Kharif,352.34308442276136,Sandy,Low,1185.81,Jan 2023
Potato,South India,Rabi,1951.6061720640007,Alluvial,Medium,1086.11,May 2023
Sugarcane,Central India,Zaid,675.267330369729,Sandy,Medium,437.38,Jan 2023
Tomato,North India,Rabi,1547.8505964018207,Clayey,Low,1093.4,Jun 2023
Wheat,South India,Rabi,1596.413870980098,Black,Medium,1537.49,Feb 2023
Wheat,Central India,Rabi,1879.7375766122898,Clayey,Medium,1624.49,Feb 2023
Potato,West India,Zaid,351.93407705874597,Alluvial,Medium,1524.98,May 2023
Sugarcane,Northeast India,Rabi,1782.482175359913,Sandy,High,362.37,Jun 2023
Cotton,South India,Rabi,1196.2845074276604,Alluvial,High,6290.0,Apr 2023
Wheat,Northeast India,Kharif,1375.3249869419074,Red,Low,1236.35,Apr 2023
Cotton,South India,Zaid,1395.5994711057572,Clayey,High,6424.25,May 2023
Tomato,West India,Rabi,1693.6562684740368,Clayey,Medium,1339.22,Jun 2023
Wheat,Northeast India,Zaid,866.7924476704878,Loamy,High,2692.22,May 2023
Wheat,East India,Rabi,1546.1870227619888,Sandy,Low,1273.07,Jun 2023
Maize,North India,Rabi,1198.5827865277352,Red,High,1768.35,Jan 2023
Wheat,East India,Rabi,1648.7698243190912,Clayey,Medium,1591.79,May 2023
Onion,Central India,Kharif,1983.9282557092267,Clayey,Medium,1313.25,Jun 2023
Rice,West India,Kharif,641.1067295863941,Red,Low,1575.4,Apr 2023
Onion,East India,Kharif,1990.9026906519964,Alluvial,High,1674.74,Jun 2023
Sugarcane,South India,Zaid,452.6806622807158,Alluvial,High,567.71,Jun 2023
Sugarcane,Central India,Zaid,303.93983143818355,Sandy,High,539.15,May 2023
Cotton,Central India,Kharif,375.0752915023131,Loamy,Medium,6676.29,Jan 2023
Onion,East India,Zaid,881.0300880524949,Clayey,Low,1549.35,Jan 2023
Onion,East India,Rabi,1375.940762153338,Loamy,High,1971.51,Jan 2023
Onion,West India,Rabi,417.35021950934436,Alluvial,Medium,2392.92,Jan 2023
Tomato,North India,Rabi,309.6318847002644,Alluvial,Medium,1769.1,Mar 2023
Wheat,East India,Kharif,1893.0547483799512,Black,Medium,1401.4,May 2023
Rice,East India,Zaid,1697.2752810978805,Sandy,High,2046.66,Feb 2023
Cotton,Northeast India,Kharif,1675.6113909363528,Black,High,4858.43,May 2023
Onion,South India,Zaid,1803.5212683533612,Black,High,1970.7,Mar 2023
Onion,Northeast India,Rabi,1490.0582637125774,Black,High,1717.38,Jan 2023
Maize,Northeast India,Kharif,477.4870205717384,Sandy,High,2223.09,Mar 2023
Cotton,Central India,Zaid,978.4703197253292,Sandy,High,7043.16,Apr 2023
Onion,North India,Zaid,1529.35412698987,Red,High,1782.89,Apr 2023
Cotton,South India,Rabi,776.5685833455855,Loamy,High,7609.66,May 2023
Wheat,West India,Kharif,1468.5908190316038,Loamy,High,1824.14,May 2023
Maize,West India,Kharif,341.647362055009,Red,Medium,1782.71,Feb 2023
Cotton,East India,Kharif,820.4334794953085,Red,High,6087.86,Feb 2023
Rice,East India,Rabi,1233.5215716711937,Alluvial,Low,1295.91,Apr 2023
Rice,West India,Kharif,1374.552710160612,Black,Medium,1436.04,Jan 2023
Sugarcane,East India,Rabi,1280.9691295852485,Red,High,366.9,Mar 2023
Maize,North India,Rabi,1486.18566932483,Clayey,Low,1218.72,Feb 2023
Maize,Northeast India,Rabi,310.3508720077264,Loamy,High,2180.21,Jun 2023
Sugarcane,East India,Zaid,471.60003996178654,Red,Low,361.08,Feb 2023
Cotton,Central India,Kharif,1777.2052288745467,Clayey,Low,3092.03,Jan 2023
Maize,East India,Kharif,1458.9726949532742,Clayey,Low,990.35,Jan 2023
Rice,South India,Rabi,491.9837925662192,Clayey,Low,1918.7,May 2023
Rice,North India,Rabi,1731.5265435775848,Alluvial,Medium,1409.7,Mar 2023
Onion,South India,Kharif,711.7930703017637,Alluvial,Medium,2048.9,Jan 2023
Wheat,South India,Rabi,1113.04180313188,Clayey,Low,1521.57,Feb 2023
Maize,Central India,Kharif,546.8340719039224,Alluvial,High,2200.96,Feb 2023
Cotton,North India,Zaid,1507.1870959169014,Black,Low,4059.28,Apr 2023
Sugarcane,North India,Rabi,1433.6525157242554,Clayey,Medium,338.55,Jan 2023
Sugarcane,North India,Kharif,658.8912009824314,Black,High,449.17,Jun 2023
Cotton,North India,Rabi,1767.7813036569032,Black,Medium,4651.93,May 2023
Tomato,North India,Kharif,982.2202411735107,Clayey,Medium,1346.14,Mar 2023
Potato,Central India,Kharif,797.275654820261,Loamy,High,1362.95,Jun 2023
Wheat,East India,Rabi,558.9603020897102,Clayey,Low,2087.5,May 2023
Sugarcane,South India,Zaid,752.4856212764137,Clayey,Low,321.93,Feb 2023
Maize,North India,Kharif,337.4457660804889,Alluvial,Low,1421.87,Jun 2023
Wheat,East India,Kharif,1291.5377371753966,Clayey,Low,1443.6,May 2023
Maize,East India,Kharif,1731.7922687847115,Loamy,High,1412.16,Feb 2023
Tomato,South India,Zaid,1233.2667640507912,Alluvial,High,1991.14,Feb 2023
Rice,Central India,Zaid,672.7657352705887,Sandy,High,2760.57,Feb 2023
Wheat,West India,Rabi,357.23760296358364,Sandy,Medium,2569.1,Feb 2023
Onion,West India,Zaid,664.8677245399649,Black,High,2842.65,Feb 2023
Sugarcane,East India,Rabi,1007.406427720857,Black,Low,266.86,Apr 2023
Wheat,Northeast India,Rabi,1591.339428789654,Loamy,Medium,1604.14,Jun 2023
Wheat,Northeast India,Zaid,619.332849314216,Red,Low,1969.46,May 2023
Wheat,South India,Rabi,1523.6454707029663,Sandy,Low,1311.04,Apr 2023
Potato,West India,Zaid,1773.7868961982022,Black,High,1329.02,Apr 2023
Wheat,East India,Rabi,1071.709641784207,Sandy,High,2665.99,Jan 2023
Maize,Central India,Zaid,1696.4343857924086,Loamy,Low,1109.23,Jan 2023
Rice,West India,Zaid,1242.9174916596626,Loamy,Low,1409.78,Jan 2023
Tomato,East India,Rabi,1383.0544230375385,Red,Medium,1500.72,Mar 2023
Cotton,East India,Kharif,1194.6733825749445,Red,High,5798.47,Jan 2023
Wheat,North India,Rabi,1087.393618477281,Alluvial,Medium,2034.36,May 2023
Sugarcane,Central India,Zaid,698.910851018944,Loamy,Medium,411.07,Apr 2023
Wheat,North India,Kharif,815.4299010837783,Black,Medium,2182.1,May 2023
Sugarcane,South India,Rabi,792.9492022041354,Sandy,Low,318.63,Jun 2023
Maize,North India,Rabi,1257.5911826214851,Clayey,Medium,1616.28,Jan 2023
Sugarcane,North India,Rabi,503.92127814061286,Red,Medium,454.98,Mar 2023
Onion,West India,Kharif,1858.5458741939697,Clayey,Low,1059.78,Jun 2023
Cotton,Northeast India,Zaid,1525.1137469812925,Black,High,5909.8,Mar 2023
Rice,East India,Rabi,982.4575725524292,Red,High,2440.25,Jun 2023
Sugarcane,Central India,Rabi,569.6610456948425,Clayey,Medium,408.72,Apr 2023
Sugarcane,North India,Rabi,1799.386688526781,Black,Low,249.03,May 2023
Rice,Central India,Rabi,1700.422753171981,Sandy,High,1974.43,Feb 2023
Cotton,Northeast India,Rabi,1526.9266396192047,Black,Medium,4877.98,May 2023
Wheat,Northeast India,Zaid,761.6299805991121,Alluvial,Medium,2489.57,Jan 2023
Sugarcane,North India,Zaid,984.1592836372372,Red,Low,328.52,Feb 2023
Rice,South India,Rabi,474.6720291691197,Loamy,Medium,2374.22,Mar 2023
Onion,North India,Kharif,621.367192036804,Sandy,High,2262.48,Apr 2023
Onion,West India,Zaid,1631.1282834384458,Clayey,Low,1153.47,Apr 2023
Maize,East India,Kharif,1515.5658220461626,Red,High,1480.89,Mar 2023
Rice,South India,Zaid,1308.9257970590888,Loamy,High,2205.4,Jan 2023
Maize,North India,Rabi,1822.735434074494,Black,High,1596.79,Mar 2023
Onion,Central India,Zaid,1291.5530802821772,Loamy,Medium,1876.58,Jun 2023
Cotton,South India,Rabi,1093.845599938138,Red,Medium,5434.33,Jan 2023
Wheat,South India,Zaid,878.6302687197966,Red,High,2820.83,Feb 2023
Rice,North India,Rabi,1898.7624597514935,Alluvial,High,1700.61,Mar 2023
Tomato,South India,Rabi,440.6162845914009,Alluvial,Low,1569.5,Jan 2023
Onion,Central India,Rabi,1882.5085325033742,Loamy,Low,1220.65,Feb 2023
Onion,Northeast India,Rabi,1705.4149218827313,Black,Medium,1422.51,Mar 2023
Tomato,South India,Kharif,520.8808717106922,Loamy,Medium,1583.8,Apr 2023
Potato,Northeast India,Rabi,1260.4734080479311,Red,Low,966.25,Mar 2023
Onion,Central India,Kharif,1773.1315689734477,Red,High,1635.89,May 2023
Sugarcane,North India,Kharif,1272.0755781321614,Clayey,Medium,285.17,Mar 2023
Cotton,East India,Rabi,1842.239696653058,Alluvial,High,6062.11,May 2023
Rice,South India,Kharif,1903.0724885872721,Clayey,Low,1141.49,Feb 2023
Tomato,East India,Zaid,1018.05368771332,Sandy,Medium,1790.02,Mar 2023
Sugarcane,Central India,Rabi,941.4332243907502,Red,Medium,369.21,Feb 2023
Tomato,South India,Kharif,1891.7459617475665,Clayey,Low,907.46,Feb 2023
Rice,Northeast India,Rabi,1447.7381039544357,Loamy,Medium,1735.9,Jan 2023
Maize,West India,Rabi,497.2385582918878,Alluvial,Low,1577.1,Feb 2023
Rice,East India,Rabi,371.89597367855805,Alluvial,Medium,2362.02,Feb 2023
Potato,South India,Kharif,1259.8693866953472,Black,Low,791.71,Mar 2023
Rice,East India,Zaid,1881.2906412453217,Loamy,Medium,1567.12,Mar 2023
Rice,South India,Zaid,1735.2227940898913,Black,High,1757.65,Apr 2023
Potato,North India,Kharif,1448.9411689893718,Clayey,High,1094.88,Jan 2023
Cotton,Northeast India,Rabi,536.4969431148488,Sandy,High,7202.13,Feb 2023
Onion,East India,Kharif,732.1933523727826,Loamy,Medium,1691.01,Jan 2023
Rice,West India,Kharif,1788.3690851394474,Loamy,Medium,1498.58,May 2023
Potato,West India,Kharif,610.7723023167307,Loamy,High,1465.85,Feb 2023
Sugarcane,Central India,Rabi,773.3469940257387,Black,High,489.81,Jan 2023
Maize,South India,Kharif,520.3211070322513,Clayey,Low,1506.09,Apr 2023
Maize,East India,Rabi,1449.3839934044988,Loamy,Low,1154.25,Apr 2023
Rice,Central India,Kharif,1904.7699191174563,Loamy,Low,1018.48,Feb 2023
Cotton,East India,Zaid,757.2456537121561,Alluvial,High,8205.49,May 2023
Cotton,South India,Kharif,1108.1912333451253,Sandy,High,6165.06,Apr 2023
Sugarcane,West India,Kharif,1378.3775575090472,Alluvial,High,364.8,Apr 2023
Rice,North India,Zaid,1999.092621966572,Alluvial,Low,1335.56,May 2023
Maize,West India,Rabi,478.17371049587257,Sandy,Medium,2159.75,Jan 2023
Cotton,Central India,Rabi,1147.5703591597055,Clayey,High,6686.06,Apr 2023
Rice,Northeast India,Kharif,954.70420383425,Alluvial,Medium,1680.84,Mar 2023
Tomato,North India,Zaid,1771.8942808780039,Clayey,Medium,1359.19,Jun 2023
Cotton,Central India,Rabi,1109.1451427198149,Alluvial,Medium,5084.58,Jun 2023
Potato,South India,Kharif,488.66179179475176,Red,Low,1152.29,Apr 2023
Tomato,North India,Zaid,1378.5210469871922,Sandy,Medium,1332.06,Jan 2023
Onion,Central India,Rabi,1610.3270510485956,Alluvial,High,1751.93,Jan 2023
Cotton,South India,Rabi,304.8981278315448,Red,Low,5894.1,Feb 2023
Maize,West India,Zaid,1760.2263652150702,Black,High,1722.48,Mar 2023
Wheat,Northeast India,Zaid,616.2391000096316,Red,High,2914.37,Jan 2023
Tomato,South India,Zaid,1238.5179199107424,Loamy,Low,1208.6,May 2023
Onion,East India,Zaid,1006.8557511686653,Alluvial,High,2538.67,Mar 2023
Sugarcane,South India,Kharif,1523.4114882379017,Red,High,318.85,Jun 2023
Sugarcane,South India,Zaid,930.9747451357612,Clayey,Low,338.38,Mar 2023
Maize,Northeast India,Rabi,1778.5974003589083,Black,High,1479.95,May 2023
Cotton,East India,Rabi,1541.8438136299433,Alluvial,Medium,4993.91,Apr 2023
Rice,Central India,Kharif,1401.1123908069665,Loamy,High,1901.2,May 2023
Cotton,Central India,Rabi,1653.6090124568523,Red,Medium,4326.0,May 2023
Maize,South India,Rabi,1581.8391593782499,Black,High,1602.37,Apr 2023
Sugarcane,East India,Zaid,361.0957473666407,Alluvial,Low,344.87,Apr 2023
Cotton,East India,Rabi,971.0484015362078,Black,Low,4857.33,Apr 2023
Sugarcane,Northeast India,Kharif,1882.3724054380327,Loamy,High,321.46,Apr 2023
Tomato,West India,Zaid,513.7312572867845,Red,Low,1575.47,Apr 2023
Onion,Central India,Zaid,1553.064135734487,Black,High,1820.33,May 2023
Rice,Northeast India,Kharif,1956.8060792700605,Black,Low,1031.31,Feb 2023
Tomato,North India,Zaid,388.7376693764518,Sandy,Medium,1798.43,Feb 2023
Sugarcane,Central India,Zaid,1459.7295970652378,Black,High,377.28,Jan 2023
Sugarcane,Northeast India,Kharif,1095.8620402117517,Sandy,Medium,325.72,Feb 2023
Wheat,Central India,Zaid,1284.5979341370276,Red,Medium,2133.85,Jun 2023
Wheat,West India,Kharif,445.0802720233522,Alluvial,High,2791.94,Feb 2023
Tomato,North India,Kharif,373.11181817379713,Alluvial,Medium,1687.91,May 2023
Potato,West India,Rabi,1433.6733229365668,Red,High,1410.64,Apr 2023
Tomato,North India,Rabi,1699.6260306952204,Red,Medium,1315.25,Apr 2023
Wheat,South India,Zaid,1629.4260693860444,Clayey,High,2293.7,May 2023
Sugarcane,Northeast India,Zaid,1224.4697373726035,Red,High,429.79,Jun 2023
Maize,North India,Kharif,469.7735959315029,Black,Low,1361.92,Feb 2023
Tomato,West India,Zaid,1469.6755545212236,Alluvial,High,1520.66,May 2023
Sugarcane,Central India,Kharif,711.2111020420482,Loamy,High,457.19,Jan 2023
Maize,North India,Kharif,1848.8167947045522,Alluvial,Medium,1123.9,Apr 2023
Maize,Northeast India,Zaid,1725.0511112276984,Sandy,High,1622.95,Mar 2023
Wheat,North India,Kharif,1505.9510440485644,Alluvial,Low,1271.86,Jan 2023
Tomato,East India,Rabi,1913.0381249129216,Clayey,Medium,1276.23,Jun 2023
Cotton,Central India,Zaid,353.41709656916396,Red,Medium,7406.05,Jan 2023
Rice,Northeast India,Rabi,1551.5407226032953,Red,Low,1151.65,May 2023
Wheat,Northeast India,Zaid,861.412724871889,Alluvial,Medium,2246.27,Feb 2023
Wheat,South India,Kharif,1840.312005666821,Loamy,Medium,1555.63,Apr 2023
Cotton,West India,Zaid,753.3478343253619,Loamy,Medium,7162.64,Jun 2023
Rice,South India,Rabi,1532.256048835529,Clayey,Medium,1625.46,Jun 2023
Sugarcane,Northeast India,Kharif,1791.9999334063284,Sandy,Low,230.79,Mar 2023
Potato,Central India,Zaid,370.8165912505601,Alluvial,Low,1333.66,Jan 2023
Tomato,North India,Zaid,976.0008853064614,Red,Medium,1693.71,Mar 2023
Potato,North India,Zaid,1595.9253544372957,Alluvial,Medium,992.64,Feb 2023
Sugarcane,Central India,Rabi,1073.362112162898,Clayey,Low,296.37,Feb 2023
Onion,Northeast India,Rabi,754.3294706491121,Black,Low,1676.18,Mar 2023
Wheat,North India,Zaid,673.6690929994231,Black,Low,1991.44,Apr 2023
Rice,North India,Kharif,523.5810537578425,Clayey,Medium,1977.51,Feb 2023
Wheat,North India,Kharif,1757.1202517556799,Red,Medium,1528.71,Mar 2023
Maize,West India,Rabi,1278.1041855276453,Clayey,High,1768.55,Jan 2023
Wheat,West India,Kharif,429.8544064854752,Red,Low,1815.86,Mar 2023
Wheat,East India,Rabi,950.3865500700803,Loamy,Medium,2005.6,Mar 2023
Sugarcane,South India,Zaid,925.1472063686869,Clayey,Low,334.95,May 2023
Sugarcane,Central India,Rabi,608.9566242060871,Red,Medium,389.3,Feb 2023
Sugarcane,Central India,Rabi,1040.3629633027242,Clayey,Low,265.97,Apr 2023
Potato,Central India,Zaid,864.5689211683319,Clayey,Medium,1362.0,Apr 2023
Maize,East India,Kharif,881.0662993367102,Red,High,1956.35,May 2023
Onion,West India,Rabi,1556.3451482395296,Red,High,1824.39,Jun 2023
Onion,Northeast India,Rabi,679.5477553588337,Sandy,Low,1598.79,Apr 2023
Sugarcane,Northeast India,Zaid,1391.1619300541042,Clayey,Medium,338.7,Mar 2023
Rice,East India,Kharif,1270.1043605975892,Black,Medium,1508.43,May 2023
Potato,Northeast India,Rabi,1265.7572709743745,Clayey,Low,998.24,Jan 2023
Cotton,Central India,Zaid,1427.112488441019,Clayey,Medium,5627.25,Feb 2023
Rice,South India,Rabi,1232.2494615326118,Red,Low,1395.61,Feb 2023
Tomato,North India,Zaid,1794.733695238854,Clayey,Medium,1274.56,Feb 2023
Tomato,West India,Kharif,1448.4861563154416,Alluvial,Low,1015.56,Mar 2023
Rice,West India,Kharif,1229.83752733136,Clayey,Medium,1432.69,Jan 2023
Sugarcane,East India,Kharif,1710.5973044889963,Alluvial,Low,211.73,May 2023
Cotton,West India,Kharif,1330.4491603869155,Black,Medium,4497.27,May 2023
Cotton,Central India,Rabi,794.9452212348043,Red,High,8026.38,Feb 2023
Potato,Northeast India,Rabi,652.061360900171,Clayey,Medium,1268.9,Jan 2023
Cotton,Central India,Kharif,558.9572356265539,Alluvial,Low,4845.16,Jan 2023
Tomato,East India,Kharif,1829.0738613283727,Alluvial,High,1433.85,Jan 2023
Maize,Central India,Kharif,1507.2302340567119,Alluvial,Medium,1259.22,Apr 2023
Sugarcane,Northeast India,Rabi,1893.5433448793453,Loamy,High,323.55,Apr 2023
Cotton,South India,Kharif,1325.596069715403,Sandy,Medium,5098.06,Feb 2023
Potato,East India,Kharif,1104.7814985413513,Black,High,1324.98,Jan 2023
Tomato,South India,Kharif,401.51803125051185,Clayey,Low,1398.65,Jun 2023
Maize,North India,Zaid,1441.7918786282507,Loamy,Medium,1421.76,Jan 2023
Wheat,South India,Kharif,1289.754891605993,Clayey,Medium,1710.82,May 2023
Wheat,North India,Zaid,1983.3551190989565,Clayey,Low,1388.05,May 2023
Maize,North India,Zaid,706.5699222298132,Red,High,2121.45,Feb 2023
Tomato,South India,Kharif,1202.2535039876211,Red,Low,979.4,Jun 2023
Potato,East India,Zaid,1406.6274697007234,Red,Low,974.48,Jan 2023
Maize,Northeast India,Kharif,1395.804997061984,Loamy,High,1500.96,Jun 2023
Sugarcane,Central India,Rabi,1254.1990230122847,Clayey,Low,252.67,Feb 2023
Sugarcane,Central India,Rabi,1620.7776175562833,Sandy,Medium,294.29,May 2023
Wheat,Northeast India,Rabi,648.4680561955879,Black,Medium,2472.17,May 2023
Cotton,North India,Rabi,1533.566240466507,Red,Medium,4331.92,Apr 2023
Potato,North India,Zaid,1353.5487714362516,Red,Low,945.86,Feb 2023
Wheat,East India,Kharif,1823.3276900507747,Clayey,Medium,1404.24,Feb 2023
Cotton,West India,Kharif,1740.230546357089,Clayey,Medium,3792.48,Jan 2023
Cotton,South India,Kharif,835.7499665253406,Loamy,Medium,5018.1,Jan 2023
Onion,North India,Rabi,769.6034524577602,Loamy,Medium,2171.16,Apr 2023
Sugarcane,Central India,Rabi,1968.8106505491614,Red,Medium,271.54,Mar 2023
Tomato,East India,Kharif,1196.3508075559362,Clayey,Medium,1210.59,Jun 2023
Rice,South India,Rabi,1840.9156386545426,Sandy,Low,1194.58,Mar 2023
Tomato,East India,Kharif,578.5977404268197,Black,Medium,1736.98,Mar 2023
Rice,South India,Kharif,1392.7921551602963,Clayey,Medium,1415.49,Feb 2023
Maize,South India,Kharif,1676.7623185129964,Clayey,High,1436.35,Jun 2023
Sugarcane,Northeast India,Kharif,1910.5719242969597,Alluvial,Low,193.22,Feb 2023
Cotton,North India,Kharif,873.4782397289399,Loamy,Low,4311.92,Jun 2023
Potato,East India,Kharif,1532.4679888708893,Black,Low,761.77,May 2023
Rice,East India,Kharif,1215.9821153673524,Red,Low,1287.52,Feb 2023
Tomato,Northeast India,Rabi,403.0691743129959,Clayey,Medium,1825.1,Feb 2023
Cotton,Central India,Kharif,1472.9995534252037,Red,Medium,4238.82,Feb 2023
Rice,Central India,Kharif,1473.164149004334,Clayey,High,1592.38,Apr 2023
Rice,North India,Rabi,1882.0315682391129,Red,High,1766.06,Feb 2023
Onion,North India,Rabi,1145.431158487253,Black,Low,1323.46,Jan 2023
Rice,West India,Rabi,691.426565207875,Loamy,High,2634.65,Jan 2023
Potato,Northeast India,Kharif,375.75849986275455,Black,High,1794.69,Jun 2023
Sugarcane,Central India,Zaid,1006.5917173660397,Alluvial,Low,336.22,May 2023
Potato,South India,Zaid,813.2583901317531,Sandy,Low,1203.64,Apr 2023
Wheat,East India,Rabi,1593.8501202405885,Loamy,High,2061.91,Jun 2023
Cotton,North India,Zaid,902.2552002297792,Black,Medium,6498.09,Jan 2023
Sugarcane,East India,Rabi,1913.4210337352347,Alluvial,High,337.64,Apr 2023
Onion,East India,Kharif,1935.9273450792332,Sandy,High,1684.53,Apr 2023
Sugarcane,West India,Zaid,1355.5446033701037,Alluvial,Medium,336.36,May 2023
Sugarcane,Central India,Kharif,1878.722487925301,Clayey,Medium,265.04,Apr 2023
Tomato,North India,Zaid,1593.4523856746425,Clayey,Low,1113.47,Feb 2023
Sugarcane,East India,Kharif,1229.6613896577146,Red,Low,234.92,Apr 2023
Onion,North India,Zaid,606.5234902187228,Loamy,High,2589.82,May 2023
Potato,South India,Kharif,1079.6165039735279,Clayey,Medium,1203.99,Jun 2023
Sugarcane,West India,Kharif,1253.4865877164498,Alluvial,Low,221.91,May 2023
Maize,South India,Zaid,1768.7346872495173,Loamy,High,1684.75,May 2023
Cotton,North India,Kharif,1118.2667401106303,Clayey,Medium,5433.39,Jan 2023
Sugarcane,North India,Kharif,1826.0469435525263,Red,High,326.25,Feb 2023
Cotton,Central India,Kharif,1446.393264339897,Black,Low,3591.05,Jan 2023
Maize,East India,Zaid,532.8984071912414,Red,Low,1545.78,Jun 2023
Maize,East India,Zaid,1991.468327852658,Sandy,Medium,1363.87,Mar 2023
Cotton,South India,Kharif,1196.2955232816514,Clayey,High,6272.32,Jun 2023
Rice,West India,Kharif,966.1591038954341,Sandy,Medium,1749.77,Feb 2023
Wheat,Northeast India,Zaid,1420.493399598195,Sandy,Low,1517.77,Apr 2023
Tomato,East India,Zaid,485.1186337677664,Alluvial,Low,1422.69,May 2023
Rice,Central India,Kharif,1382.1156994807025,Loamy,High,1617.31,Mar 2023
Rice,South India,Kharif,1147.001200848764,Alluvial,High,2132.42,Feb 2023
Potato,South India,Kharif,991.3459189975913,Clayey,High,1338.19,Jan 2023
Tomato,Northeast India,Rabi,1920.1340360041286,Sandy,Medium,1286.01,May 2023
Tomato,Central India,Zaid,1188.3175184444904,Black,High,1699.73,Jun 2023
Rice,West India,Rabi,672.4997150988953,Sandy,High,2607.72,Jan 2023
Sugarcane,Central India,Zaid,1080.2379149414078,Black,Low,325.7,Feb 2023
Potato,West India,Zaid,1862.9585877735435,Alluvial,Low,857.58,Feb 2023
Potato,Central India,Zaid,599.362301262011,Alluvial,High,1661.27,Jun 2023
Maize,Central India,Zaid,663.7269657700027,Loamy,High,2387.12,Mar 2023
Onion,North India,Zaid,322.15026518704235,Sandy,Low,2002.05,Jun 2023
Tomato,South India,Zaid,324.1230839728042,Red,High,2331.53,Apr 2023
Rice,Central India,Zaid,1709.9657658294714,Alluvial,Medium,1704.33,Jan 2023
Maize,Northeast India,Rabi,1544.6084316330248,Alluvial,Medium,1415.91,Mar 2023
Cotton,Central India,Kharif,903.569795968329,Loamy,Medium,5823.58,May 2023
Wheat,East India,Kharif,1487.1289672868736,Black,High,1956.96,Apr 2023
Onion,South India,Rabi,971.8500747269493,Loamy,Low,1413.64,Mar 2023
Onion,East India,Rabi,1919.9245531963068,Sandy,High,1745.34,Jan 2023
Onion,South India,Rabi,1943.9895584242593,Clayey,High,1706.19,Feb 2023
Potato,East India,Rabi,967.7494188758837,Clayey,Low,1102.14,May 2023
Cotton,Central India,Zaid,1752.1772407794756,Black,Low,4073.65,Jun 2023
Onion,Central India,Kharif,1614.2513708856925,Alluvial,Low,1133.01,Jan 2023
Cotton,North India,Zaid,826.9998931920418,Black,Medium,6144.16,Apr 2023
Sugarcane,Northeast India,Kharif,694.4677091318802,Alluvial,High,411.85,Apr 2023
Onion,East India,Kharif,1078.9989056678176,Alluvial,Low,1400.29,Feb 2023
Wheat,West India,Rabi,1628.2930290444906,Clayey,High,2005.58,Feb 2023
Cotton,North India,Zaid,1932.2852340388672,Black,Medium,4574.56,May 2023
Cotton,East India,Rabi,1598.0844170731734,Loamy,Medium,4731.53,Jun 2023
Wheat,East India,Zaid,1753.851874531229,Alluvial,Low,1278.56,May 2023
Onion,North India,Kharif,1325.209320489878,Red,Low,1177.3,Feb 2023
Wheat,Central India,Rabi,1720.193312431614,Red,High,2003.32,Feb 2023
Cotton,East India,Rabi,1633.51545860581,Loamy,Low,3435.77,Apr 2023
Wheat,Central India,Kharif,940.8754212746761,Red,High,2550.29,Feb 2023
Cotton,North India,Kharif,1238.3835136052257,Sandy,Low,3623.98,Mar 2023
Cotton,Central India,Kharif,1668.0803073824811,Alluvial,High,4645.17,Jan 2023
Sugarcane,South India,Rabi,378.2964481229258,Loamy,High,497.82,Feb 2023
Rice,West India,Zaid,1673.7347800049108,Black,High,2003.09,May 2023
Cotton,East India,Rabi,602.4098108833398,Alluvial,High,7731.5,Jun 2023
Onion,Northeast India,Zaid,1174.9621491064463,Loamy,Medium,1888.92,Jun 2023
Maize,West India,Rabi,1674.068247245094,Clayey,High,1458.3,Jun 2023
